month,hours,avg_price,wind_weighted_price,capture_rate_pct,capture_rate_curtailed_pct,energy_in_negative_hours_pct,avg_wind_mw,corr_wind_price
2023-01,743.0,78.77,65.29,82.89,82.89,0.0,2507.1,-0.58
2023-02,672.0,80.19,58.49,72.93,72.93,0.0,2033.83,-0.66
2023-03,743.0,74.16,60.02,80.93,80.93,0.0,1804.14,-0.49
2023-04,720.0,60.55,48.42,79.96,80.11,0.18,1283.23,-0.47
2023-05,744.0,26.65,20.66,77.52,94.93,16.93,1661.33,-0.32
2023-06,720.0,43.32,23.71,54.72,61.66,9.25,1047.11,-0.63
2023-07,744.0,32.94,27.2,82.56,88.45,4.66,799.87,-0.33
2023-08,744.0,66.35,36.44,54.92,63.01,11.87,1119.27,-0.53
2023-09,720.0,32.94,13.13,39.87,50.45,19.53,1944.88,-0.61
2023-10,745.0,37.63,18.18,48.33,74.04,32.19,1614.09,-0.54
2023-11,720.0,69.59,37.1,53.32,74.46,4.38,1795.54,-0.4
2023-12,744.0,76.28,50.92,66.75,68.51,2.52,1623.35,-0.55
2024-01,744.0,106.28,70.28,66.13,67.67,2.26,2808.14,-0.32
2024-02,696.0,51.58,32.7,63.39,69.17,8.14,2681.95,-0.67
2024-03,743.0,59.33,43.14,72.72,74.38,2.22,1633.08,-0.65
2024-04,720.0,48.91,38.99,79.72,87.83,8.85,2035.53,-0.47
2024-05,744.0,35.19,18.09,51.41,67.1,21.92,1315.42,-0.39
2024-06,720.0,36.06,21.35,59.22,75.63,20.63,1070.02,-0.47
2024-07,744.0,16.78,11.07,65.98,99.67,28.55,1143.02,-0.57
2024-08,744.0,12.53,4.99,39.86,68.52,32.79,1807.67,-0.59
2024-09,720.0,56.02,33.01,58.91,63.37,6.93,2250.68,-0.58
2024-10,745.0,40.63,15.8,38.89,49.82,21.08,3045.85,-0.64
2024-11,720.0,45.32,26.97,59.51,63.38,6.0,3190.52,-0.64
2024-12,744.0,38.81,23.02,59.32,61.74,3.87,3621.13,-0.53
2025-01,744.0,52.82,28.68,54.3,54.3,0.0,2871.78,-0.67
2025-02,672.0,47.25,26.1,55.24,55.65,0.74,3024.16,-0.67
2025-03,743.0,47.48,17.4,36.65,39.68,7.45,3125.02,-0.77
2025-04,720.0,47.71,22.45,47.06,55.28,14.18,2355.7,-0.59
2025-05,744.0,18.26,9.22,50.51,62.76,17.1,2048.23,-0.45
2025-06,720.0,18.58,6.13,32.99,43.7,21.23,1623.28,-0.46
2025-07,744.0,24.14,17.01,70.45,76.56,7.77,1189.67,-0.41
2025-08,744.0,55.23,32.29,58.47,63.9,8.26,1678.92,-0.6
2025-09,720.0,41.79,21.69,51.9,54.08,4.0,2386.54,-0.57
2025-10,745.0,48.93,26.66,54.49,57.07,4.52,3081.8,-0.67
2025-11,720.0,47.97,25.71,53.6,54.84,2.25,2944.46,-0.65
2025-12,744.0,35.92,24.25,67.51,69.66,3.08,3237.6,-0.59
2026-01,744.0,117.27,86.72,73.95,73.95,0.0,2150.65,-0.57
2026-02,672.0,137.19,100.57,73.3,73.3,0.0,1807.26,-0.45
2026-03,743.0,27.81,17.22,61.9,61.9,0.0,3948.29,-0.76
2026-04,720.0,49.49,30.98,62.6,64.04,2.22,2214.17,-0.54
2026-05,744.0,52.88,39.03,73.81,75.86,2.57,2145.98,-0.55
2026-06,720.0,45.32,28.65,63.22,65.03,2.75,1813.47,-0.58
2026-07,744.0,15.4,10.51,68.26,69.56,1.86,1423.83,-0.61
2026-08,744.0,41.26,23.14,56.09,56.09,0.0,2040.54,-0.63
2026-09,720.0,57.0,32.44,56.92,57.69,1.33,2331.08,-0.62
