month,hours,mean,median,hours_negative
2023-01,743,78.77,74.81,0
2023-02,672,80.19,72.12,0
2023-03,743,74.16,66.18,0
2023-04,720,60.55,52.66,2
2023-05,744,26.65,9.24,98
2023-06,720,43.32,45.33,25
2023-07,744,32.94,30.64,32
2023-08,744,66.35,26.22,44
2023-09,720,32.94,8.88,100
2023-10,745,37.63,11.73,143
2023-11,720,69.59,71.75,16
2023-12,744,76.28,69.14,7
2024-01,744,106.28,78.15,10
2024-02,696,51.58,44.66,35
2024-03,743,59.33,56.68,6
2024-04,720,48.91,47.25,38
2024-05,744,35.19,15.08,96
2024-06,720,36.06,25.98,79
2024-07,744,16.78,20.3,104
2024-08,744,12.53,6.66,152
2024-09,720,56.02,32.8,30
2024-10,745,40.63,9.92,120
2024-11,720,45.32,30.44,33
2024-12,744,38.81,15.26,22
2025-01,744,52.82,37.12,0
2025-02,672,47.25,21.17,3
2025-03,743,47.48,11.21,41
2025-04,720,47.71,12.68,69
2025-05,744,18.26,4.6,98
2025-06,720,18.58,2.94,126
2025-07,744,24.14,17.74,20
2025-08,744,55.23,35.05,37
2025-09,720,41.79,17.82,19
2025-10,745,48.93,25.0,25
2025-11,720,47.97,30.0,11
2025-12,744,35.92,24.84,16
2026-01,744,117.27,106.88,0
2026-02,672,137.19,116.88,0
2026-03,743,27.81,18.4,0
2026-04,720,49.49,37.2,10
2026-05,744,52.88,45.05,17
2026-06,720,45.32,36.28,13
2026-07,744,15.4,14.31,6
2026-08,744,41.26,24.31,0
2026-09,720,57.0,36.03,6
