month,hours,avg_wind_mw,avg_capacity_mw,cf_pct,hourly_cf_median_pct,hourly_cf_p95_pct,hourly_cf_max_pct
2023-01,743.0,2507.1,5300.9,47.3,47.86,80.29,84.4
2023-02,672.0,2033.83,5428.6,37.46,33.02,84.03,87.93
2023-03,743.0,1804.14,5521.86,32.67,27.43,76.45,83.05
2023-04,720.0,1283.23,5615.15,22.85,18.35,65.71,82.48
2023-05,744.0,1661.33,5679.69,29.25,27.39,59.16,69.06
2023-06,720.0,1047.11,5753.91,18.2,11.46,54.25,65.4
2023-07,744.0,799.87,5805.96,13.78,9.31,40.33,50.83
2023-08,744.0,1119.27,5852.92,19.12,15.46,45.46,58.8
2023-09,720.0,1944.88,5930.46,32.79,32.49,63.12,74.4
2023-10,745.0,1614.09,6084.95,26.53,23.82,58.48,74.58
2023-11,720.0,1795.54,6395.31,28.08,18.67,75.27,87.05
2023-12,742.0,1620.4,6610.05,24.51,18.62,70.33,81.64
2024-01,744.0,2808.14,6794.23,41.33,35.89,81.15,85.95
2024-02,696.0,2681.95,7022.05,38.19,33.97,79.56,85.55
2024-03,743.0,1633.08,7145.35,22.86,18.14,65.27,85.0
2024-04,720.0,2035.53,7189.51,28.31,24.06,61.45,79.84
2024-05,744.0,1315.42,7206.3,18.25,13.53,47.44,63.37
2024-06,720.0,1070.02,7218.85,14.82,12.26,32.72,47.29
2024-07,744.0,1143.02,7263.3,15.74,11.63,40.85,56.03
2024-08,744.0,1807.67,7439.0,24.3,21.98,52.47,65.07
2024-09,720.0,2250.68,7731.63,29.11,26.72,59.36,67.76
2024-10,741.0,3041.25,7841.48,38.78,40.64,68.76,81.65
2024-11,720.0,3190.52,8098.14,39.4,39.96,74.91,85.89
2024-12,744.0,3621.13,8224.3,44.03,46.04,76.94,81.6
2025-01,744.0,2871.78,8275.6,34.7,30.76,75.18,78.93
2025-02,672.0,3024.16,8410.9,35.96,34.57,70.82,76.41
2025-03,743.0,3125.02,8421.89,37.11,41.35,70.55,84.37
2025-04,720.0,2355.7,8508.79,27.69,25.4,59.77,77.4
2025-05,744.0,2048.23,8540.1,23.98,22.43,50.39,64.01
2025-06,720.0,1623.28,8694.64,18.67,16.92,40.44,53.39
2025-07,744.0,1189.67,8858.84,13.43,10.77,35.33,49.98
2025-08,744.0,1678.92,8885.4,18.9,17.08,39.26,54.5
2025-09,720.0,2386.54,8925.06,26.74,22.87,59.82,67.82
2025-10,745.0,3081.8,9137.74,33.73,35.48,60.89,72.01
2025-11,720.0,2944.46,9249.32,31.83,28.73,68.4,79.69
2025-12,744.0,3237.6,9308.86,34.78,33.16,63.72,71.05
2026-01,744.0,2150.65,9342.53,23.02,19.05,61.46,69.93
2026-02,672.0,1807.26,9368.28,19.29,13.88,52.38,73.94
2026-03,743.0,3948.29,9403.6,41.99,43.82,71.5,79.44
2026-04,720.0,2214.17,9425.78,23.49,16.5,58.93,76.12
2026-05,744.0,2145.98,9432.32,22.75,20.41,48.81,56.98
2026-06,719.0,1813.71,9437.39,19.22,16.68,44.06,55.82
2026-07,744.0,1423.83,9437.97,15.09,11.12,40.22,52.42
2026-08,741.0,2040.37,9439.47,21.62,19.11,45.89,57.23
2026-09,720.0,2331.08,9520.67,24.48,21.84,52.76,69.78
