month,hours,mean_fingrid,mean_entsoe,bias_f_minus_e,mae,frozen_fingrid_pct,frozen_entsoe_pct,mae_pct_of_mean
2022-12,1,3449.0,3449.1,-0.1,0.1,0.0,0.0,0.0
2023-01,744,2501.04,2501.04,0.01,0.24,0.0,0.0,0.01
2023-02,672,2042.59,2042.59,-0.0,0.25,0.0,0.0,0.01
2023-03,744,1802.36,1802.38,-0.02,0.26,0.0,0.0,0.01
2023-04,720,1279.4,1279.39,0.01,0.26,0.0,0.0,0.02
2023-05,744,1668.94,1668.95,-0.01,0.25,0.0,0.0,0.01
2023-06,720,915.93,1039.25,-123.32,149.84,29.86,0.42,14.42
2023-07,744,836.26,800.09,36.17,371.77,65.19,0.0,46.47
2023-08,744,999.48,1117.07,-117.59,164.16,25.27,0.0,14.7
2023-09,720,1783.19,1947.47,-164.28,238.4,11.25,0.0,12.24
2023-10,744,1621.99,1622.08,-0.09,58.16,0.0,0.0,3.59
2023-11,720,1788.44,1788.02,0.42,15.65,0.0,0.0,0.88
2023-12,744,1623.92,1623.6,0.32,13.84,0.4,0.0,0.85
2024-01,744,2813.57,2813.34,0.23,17.3,0.0,0.0,0.61
2024-02,696,2685.5,2685.35,0.16,18.59,0.0,0.0,0.69
2024-03,744,1629.04,1628.97,0.07,16.07,0.0,1.48,0.99
2024-04,720,2024.24,2024.52,-0.28,19.24,0.0,0.0,0.95
2024-05,744,1314.76,1314.73,0.04,18.98,0.0,0.0,1.44
2024-06,718,1075.33,1075.47,-0.15,15.04,0.0,0.0,1.4
2024-07,744,1142.32,1142.42,-0.1,27.64,0.0,0.0,2.42
2024-08,744,1815.67,1815.45,0.22,35.05,0.0,0.67,1.93
2024-09,714,2269.72,2269.21,0.5,38.58,0.0,0.0,1.7
2024-10,744,3034.23,3035.39,-1.16,28.62,0.0,0.0,0.94
2024-11,718,3188.87,3188.02,0.85,24.75,0.0,0.0,0.78
2024-12,744,3619.05,3619.19,-0.14,39.33,0.0,0.0,1.09
2025-01,744,2868.18,2868.47,-0.29,24.8,0.0,0.0,0.86
2025-02,672,3026.74,3026.6,0.15,29.86,0.0,0.0,0.99
2025-03,744,3117.26,3117.6,-0.34,36.9,0.0,0.0,1.18
2025-04,720,2357.4,2356.83,0.57,42.47,0.0,0.0,1.8
2025-05,744,2056.53,2056.95,-0.42,21.32,0.0,0.0,1.04
2025-06,720,1621.79,1621.79,-0.0,0.01,0.0,0.0,0.0
2025-07,744,1185.09,1185.03,0.06,0.08,0.0,0.0,0.01
2025-08,744,1672.81,1673.0,-0.19,0.49,0.0,0.0,0.03
2025-09,720,2399.88,2399.65,0.23,9.72,0.0,0.0,0.4
2025-10,744,3072.67,3073.19,-0.52,12.95,0.0,0.0,0.42
2025-11,720,2952.49,2952.6,-0.11,0.11,0.0,0.0,0.0
2025-12,744,3232.95,3232.95,-0.0,0.01,0.0,0.0,0.0
2026-01,744,2159.8,2159.81,-0.01,0.15,0.54,0.4,0.01
2026-02,672,1794.66,1794.69,-0.03,4.35,0.0,0.0,0.24
2026-03,744,3947.24,3947.52,-0.28,10.3,0.0,0.0,0.26
2026-04,720,2219.58,2218.71,0.87,12.54,0.0,0.0,0.57
2026-05,744,2141.19,2141.92,-0.72,17.72,0.0,0.0,0.83
2026-06,720,1815.13,1815.09,0.04,0.18,0.0,0.0,0.01
2026-07,744,1423.05,1423.85,-0.8,6.86,0.0,0.0,0.48
2026-08,744,2034.9,2035.81,-0.91,4.84,0.0,0.54,0.24
2026-09,717,2336.99,2337.62,-0.64,20.72,0.0,0.0,0.89
